{
  "accuracy": 0.97,
  "classification_report": {
    "Normal": {
      "precision": 1.0,
      "recall": 0.9548872180451128,
      "f1-score": 0.9769230769230769,
      "support": 133.0
    },
    "Penipuan": {
      "precision": 0.9855072463768116,
      "recall": 0.9645390070921985,
      "f1-score": 0.974910394265233,
      "support": 141.0
    },
    "Promo": {
      "precision": 0.9259259259259259,
      "recall": 0.9920634920634921,
      "f1-score": 0.9578544061302682,
      "support": 126.0
    },
    "accuracy": 0.97,
    "macro avg": {
      "precision": 0.9704777241009125,
      "recall": 0.9704965724002678,
      "f1-score": 0.9698959591061928,
      "support": 400.0
    },
    "weighted avg": {
      "precision": 0.9715579710144928,
      "recall": 0.97,
      "f1-score": 0.9702069749864521,
      "support": 400.0
    }
  },
  "confusion_matrix": [
    [
      127,
      1,
      5
    ],
    [
      0,
      136,
      5
    ],
    [
      0,
      1,
      125
    ]
  ],
  "n_train": 1599,
  "n_test": 400,
  "label_distribution": {
    "0": 663,
    "1": 705,
    "2": 631
  }
}